{
    "Linear Regression": {
        "MAE": 67.94709415820277,
        "RMSE": 116.43735403743567,
        "R2": 0.9131424026062156
    },
    "XGBoost": {
        "MAE": 11.575293052974521,
        "RMSE": 27.762769703663704,
        "R2": 0.9950620266985036
    }
}